ageClass,sex,value
ageClass1,M,0.03535189
ageClass2,M,0.06777091
ageClass3,M,0.10827214
ageClass4,M,0.10078132
ageClass5,M,0.10124053
ageClass6,M,0.04297974
ageClass7,M,0.02363664
ageClass8,M,0.01303553
ageClass1,F,0.03373200
ageClass2,F,0.06460902
ageClass3,F,0.10256596
ageClass4,F,0.09961365
ageClass5,F,0.10519989
ageClass6,F,0.04766630
ageClass7,F,0.02974551
ageClass8,F,0.02379898
